cpf;Nome;Email;Celular1;Celular2
54602465552;Guilherme Martins;guilherme.martins88@gmail.com;9814699575;
66666739485;Beatriz Almeida;beatriz.almeida49@yahoo.com;9898534414;
25137885240;Ana Souza;ana.souza73@empresa.com.br;9815156944;
63878303971;Mariana Lima;mariana.lima69@outlook.com;9803575859;9856482039
64753740757;Guilherme Martins;guilherme.martins31@gmail.com;9802350542;9957861485
15579139608;Ana Souza;ana.souza31@outlook.com;9873761716;
34398184970;Lucas Rocha;lucas.rocha45@outlook.com;9820137007;
22630239500;Mariana Lima;mariana.lima57@yahoo.com;9964607225;
83096714908;Mariana Lima;mariana.lima21@yahoo.com;9830916609;
50975749072;Guilherme Martins;guilherme.martins93@gmail.com;9966532217;
14667520841;João Mendes;joão.mendes46@empresa.com.br;9944028855;9872222196
52123326569;Ana Souza;ana.souza85@outlook.com;9826004576;
43414749289;Guilherme Martins;guilherme.martins87@gmail.com;9838274436;
67298150006;Beatriz Almeida;beatriz.almeida61@yahoo.com;9805014183;9959067377
75580421869;Fernanda Costa;fernanda.costa68@gmail.com;9988278961;9937153411
62510828797;Guilherme Martins;guilherme.martins32@gmail.com;9945915466;9925424101
12936698570;Fernanda Costa;fernanda.costa19@outlook.com;9820703071;9815971131
4515266861;Fernanda Costa;fernanda.costa22@outlook.com;9930921412;
75844700090;Carlos Silva;carlos.silva77@outlook.com;9904182837;
42416187821;João Mendes;joão.mendes29@empresa.com.br;9847750526;9992979089
25063933580;Pedro Oliveira;pedro.oliveira66@empresa.com.br;9882557276;9980198621
38358465238;Camila Santos;camila.santos32@yahoo.com;9863144896;9900046025
36178711948;Guilherme Martins;guilherme.martins55@outlook.com;9836025721;9806175320
64510729316;João Mendes;joão.mendes23@gmail.com;9882333822;9879402300
17483018615;Mariana Lima;mariana.lima37@yahoo.com;9991801999;9845535490
4922499628;Carlos Silva;carlos.silva70@outlook.com;9957616154;9945436811
27121018632;Lucas Rocha;lucas.rocha87@yahoo.com;9948033783;
3248596279;Lucas Rocha;lucas.rocha46@yahoo.com;9833069639;9802670371
72130792987;Fernanda Costa;fernanda.costa11@empresa.com.br;9924037957;9839282634
12649820110;Mariana Lima;mariana.lima13@gmail.com;9984731193;
62238931406;Guilherme Martins;guilherme.martins53@empresa.com.br;9897305329;
70618222600;João Mendes;joão.mendes34@gmail.com;9911860370;
3870157526;Lucas Rocha;lucas.rocha71@gmail.com;9952132170;9913894903
58688070903;Guilherme Martins;guilherme.martins16@yahoo.com;9818064130;
59431903172;Carlos Silva;carlos.silva25@outlook.com;9946289530;
6243930971;Camila Santos;camila.santos61@empresa.com.br;9982086967;9898687933
24277019390;Pedro Oliveira;pedro.oliveira12@gmail.com;9835945800;
43826539400;Pedro Oliveira;pedro.oliveira56@gmail.com;9856687078;
70935519394;Pedro Oliveira;pedro.oliveira97@empresa.com.br;9972390746;9929676454
60641857837;Fernanda Costa;fernanda.costa15@gmail.com;9802425480;9897596738
45865018639;Fernanda Costa;fernanda.costa99@yahoo.com;9976378414;9954708087
4239432197;João Mendes;joão.mendes98@gmail.com;9885849195;9872724579
62298614458;Guilherme Martins;guilherme.martins49@empresa.com.br;9836515020;9979456668
17278328330;João Mendes;joão.mendes63@yahoo.com;9891360627;
14192057573;Lucas Rocha;lucas.rocha24@gmail.com;9895437381;9875523999
83173447387;Mariana Lima;mariana.lima28@empresa.com.br;9895640507;9804648763
96278414040;Mariana Lima;mariana.lima78@gmail.com;9885236235;9979484512
33752423528;Fernanda Costa;fernanda.costa90@outlook.com;9858413518;
39519328645;Mariana Lima;mariana.lima88@gmail.com;9842076410;
24418125566;Fernanda Costa;fernanda.costa95@gmail.com;9888794577;
44544491207;Beatriz Almeida;beatriz.almeida17@gmail.com;9882489464;9954343463
43787160620;Carlos Silva;carlos.silva39@yahoo.com;9911211588;9988877148
74080968337;Lucas Rocha;lucas.rocha22@empresa.com.br;9827105807;
14653608326;Fernanda Costa;fernanda.costa92@empresa.com.br;9873958070;9859839497
50975044613;Ana Souza;ana.souza60@empresa.com.br;9819707644;9951391743
42884636374;Carlos Silva;carlos.silva62@outlook.com;9878749247;9935692638
98342183548;Carlos Silva;carlos.silva33@yahoo.com;9912299485;
75484510597;Camila Santos;camila.santos91@gmail.com;9903430848;9958717906
71513989804;Beatriz Almeida;beatriz.almeida44@empresa.com.br;9856506849;9808956575
82527427006;Guilherme Martins;guilherme.martins15@outlook.com;9929785396;
34695844354;Lucas Rocha;lucas.rocha90@gmail.com;9805780552;9871743789
62274832730;Fernanda Costa;fernanda.costa17@empresa.com.br;9802744789;
48572949402;João Mendes;joão.mendes28@outlook.com;9825229903;
30764046446;Lucas Rocha;lucas.rocha59@empresa.com.br;9968040707;9931095110
99105943230;Camila Santos;camila.santos27@gmail.com;9830030154;9844334984
97873491846;Beatriz Almeida;beatriz.almeida33@outlook.com;9917283189;9899591421
93584425069;Camila Santos;camila.santos66@outlook.com;9895086735;
69734389890;Fernanda Costa;fernanda.costa56@yahoo.com;9824949193;
60984110186;João Mendes;joão.mendes35@empresa.com.br;9917589325;9883107555
94124788100;Ana Souza;ana.souza95@yahoo.com;9855241804;
23939798592;Camila Santos;camila.santos64@yahoo.com;9867206541;
58221705365;Mariana Lima;mariana.lima23@gmail.com;9845519919;9895543296
3149767792;Pedro Oliveira;pedro.oliveira39@empresa.com.br;9862526802;
68481198579;Carlos Silva;carlos.silva76@gmail.com;9910828537;
98685176484;Mariana Lima;mariana.lima95@outlook.com;9916544122;9866688497
62547297256;Ana Souza;ana.souza45@gmail.com;9978200539;9962907018
90155169955;Beatriz Almeida;beatriz.almeida97@empresa.com.br;9925446769;9983310123
28797653667;João Mendes;joão.mendes22@gmail.com;9890198716;9802027674
66699631730;Guilherme Martins;guilherme.martins73@yahoo.com;9866795425;
67208950520;Fernanda Costa;fernanda.costa64@empresa.com.br;9869216583;
29787008409;Guilherme Martins;guilherme.martins40@yahoo.com;9998892047;
76323406373;Camila Santos;camila.santos75@gmail.com;9833273183;
63312910676;Pedro Oliveira;pedro.oliveira39@gmail.com;9918157701;9981083502
11791705391;Beatriz Almeida;beatriz.almeida50@outlook.com;9968830210;9954208050
87883265270;Mariana Lima;mariana.lima12@gmail.com;9851835143;
76608345178;Lucas Rocha;lucas.rocha72@outlook.com;9939978054;
6732479377;Mariana Lima;mariana.lima12@gmail.com;9803336037;9857082525
19380187025;Ana Souza;ana.souza10@gmail.com;9905451572;
62690954680;Mariana Lima;mariana.lima83@outlook.com;9957656133;9838493772
89540748801;Camila Santos;camila.santos16@outlook.com;9890604949;9966575015
16377552955;Pedro Oliveira;pedro.oliveira49@gmail.com;9822907968;9905104496
40284176273;Lucas Rocha;lucas.rocha30@outlook.com;9882485174;9944500510
58021980958;Guilherme Martins;guilherme.martins98@yahoo.com;9858610573;9961134065
64369041902;Fernanda Costa;fernanda.costa35@empresa.com.br;9831799249;9831662768
74276877601;Ana Souza;ana.souza95@empresa.com.br;9938414550;
65816890093;Pedro Oliveira;pedro.oliveira11@outlook.com;9872448264;9926999666
7096879900;Carlos Silva;carlos.silva13@yahoo.com;9804592926;
96753738738;Carlos Silva;carlos.silva59@empresa.com.br;9803104770;9901816481
67066390954;Camila Santos;camila.santos10@outlook.com;9827106019;
34321134200;Guilherme Martins;guilherme.martins14@outlook.com;9866595912;9843322587
10061448974;Ana Souza;ana.souza90@outlook.com;9887289319;
4415789501;Fernanda Costa;fernanda.costa21@gmail.com;9906936925;9987096629
34482904163;João Mendes;joão.mendes73@yahoo.com;9897007804;9895290575
7601971058;Ana Souza;ana.souza94@empresa.com.br;9996112524;9872248926
6898987119;Carlos Silva;carlos.silva77@gmail.com;9831306975;9899271461
47230648262;Ana Souza;ana.souza26@empresa.com.br;9884612883;
93626519040;Ana Souza;ana.souza16@outlook.com;9892084269;9977400549
64930354307;Camila Santos;camila.santos26@yahoo.com;9895729597;
20859985857;Carlos Silva;carlos.silva43@empresa.com.br;9987174816;
15914588464;Lucas Rocha;lucas.rocha92@empresa.com.br;9955691869;9833003768
27425673053;Ana Souza;ana.souza65@empresa.com.br;9803652634;
54665178798;Lucas Rocha;lucas.rocha98@outlook.com;9980741149;9870299553
48065122060;Guilherme Martins;guilherme.martins62@yahoo.com;9912895641;
22619315654;Guilherme Martins;guilherme.martins39@gmail.com;9994315999;
86174662004;Beatriz Almeida;beatriz.almeida24@yahoo.com;9862769346;
15501458276;Fernanda Costa;fernanda.costa39@outlook.com;9992733956;
82151595919;Camila Santos;camila.santos90@yahoo.com;9828117502;9828732870
18629308214;Camila Santos;camila.santos11@empresa.com.br;9834860521;9992323339
43675259102;Camila Santos;camila.santos36@yahoo.com;9984258034;9982539651
7137480446;Carlos Silva;carlos.silva68@empresa.com.br;9927201665;9917441470
92732074640;João Mendes;joão.mendes74@outlook.com;9889777165;
36584955290;Camila Santos;camila.santos49@yahoo.com;9909188862;9924117549
62787013830;Carlos Silva;carlos.silva91@empresa.com.br;9975189940;
30329278622;Carlos Silva;carlos.silva41@outlook.com;9933483885;9996383933
61787024776;Beatriz Almeida;beatriz.almeida90@yahoo.com;9837239208;9991240507
95770857412;Lucas Rocha;lucas.rocha39@yahoo.com;9975354378;9951970985
58499027083;Camila Santos;camila.santos59@outlook.com;9990516754;9854794237
53574037678;Camila Santos;camila.santos60@yahoo.com;9935968064;9867011119
36213594272;Lucas Rocha;lucas.rocha47@yahoo.com;9817577468;9918617595
62241338400;Beatriz Almeida;beatriz.almeida52@empresa.com.br;9951994550;
18401144280;Lucas Rocha;lucas.rocha90@yahoo.com;9816371234;9969935915
94554932508;Ana Souza;ana.souza84@empresa.com.br;9989645809;9894317385
52959923812;Camila Santos;camila.santos91@yahoo.com;9859153257;9921214263
38788217191;Mariana Lima;mariana.lima72@outlook.com;9972610535;
2959781805;Carlos Silva;carlos.silva91@gmail.com;9867749021;
55614514058;Mariana Lima;mariana.lima75@empresa.com.br;9872378302;
36058204330;Beatriz Almeida;beatriz.almeida26@outlook.com;9857048256;9850372018
86641965082;Carlos Silva;carlos.silva25@empresa.com.br;9927482148;9983138921
35789894879;Camila Santos;camila.santos38@empresa.com.br;9989203566;9904762514
34120545776;Camila Santos;camila.santos54@yahoo.com;9968029607;9814879558
43210490163;Pedro Oliveira;pedro.oliveira62@empresa.com.br;9913477497;
70544162366;Pedro Oliveira;pedro.oliveira98@gmail.com;9906218240;
84120585506;Lucas Rocha;lucas.rocha15@outlook.com;9860006253;9955119083
69589762581;Ana Souza;ana.souza95@yahoo.com;9835249411;
16239712841;Guilherme Martins;guilherme.martins10@empresa.com.br;9851460330;9801665123
3183344963;Lucas Rocha;lucas.rocha31@gmail.com;9976221943;
52951499787;Guilherme Martins;guilherme.martins29@outlook.com;9883126795;
58472721205;Mariana Lima;mariana.lima60@empresa.com.br;9930739351;9831409908
70493938435;Mariana Lima;mariana.lima30@yahoo.com;9955163542;9958070350
38844285517;Carlos Silva;carlos.silva79@yahoo.com;9867595072;
52236015720;Guilherme Martins;guilherme.martins57@empresa.com.br;9806373687;9982165070
42849939412;João Mendes;joão.mendes59@gmail.com;9928400297;9834024502
79056424530;Lucas Rocha;lucas.rocha30@yahoo.com;9987777290;
82682291872;Carlos Silva;carlos.silva50@empresa.com.br;9945148557;9818881526
79057890712;Fernanda Costa;fernanda.costa16@outlook.com;9907615631;
74438012627;João Mendes;joão.mendes32@yahoo.com;9899741157;
68733729352;Lucas Rocha;lucas.rocha48@yahoo.com;9900329481;
2986022960;Carlos Silva;carlos.silva36@outlook.com;9844958008;
17380998226;Beatriz Almeida;beatriz.almeida77@yahoo.com;9919635929;9851363196
62899042211;João Mendes;joão.mendes94@empresa.com.br;9884616325;
34391443139;Beatriz Almeida;beatriz.almeida33@empresa.com.br;9828698314;
69700664287;Carlos Silva;carlos.silva56@gmail.com;9805022606;9835488389
85454622125;Pedro Oliveira;pedro.oliveira21@yahoo.com;9954414650;
76614944266;Ana Souza;ana.souza85@outlook.com;9857602250;9831952083
45579455380;Lucas Rocha;lucas.rocha61@outlook.com;9911427359;
32703923384;Guilherme Martins;guilherme.martins79@outlook.com;9874217177;9808646020
45214282079;Carlos Silva;carlos.silva55@outlook.com;9838343441;
71138762008;Guilherme Martins;guilherme.martins93@gmail.com;9932287622;
81921565918;Ana Souza;ana.souza20@empresa.com.br;9921411819;9950320043
266687008;Carlos Silva;carlos.silva11@yahoo.com;9810974877;9953329345
88774961268;Carlos Silva;carlos.silva81@empresa.com.br;9833201871;9969628208
81006857117;Mariana Lima;mariana.lima73@empresa.com.br;9945421196;
86887141183;Beatriz Almeida;beatriz.almeida48@empresa.com.br;9935229044;
10545616301;Mariana Lima;mariana.lima26@outlook.com;9953704569;
8966992501;Fernanda Costa;fernanda.costa13@empresa.com.br;9999562161;9827158606
4051668932;Guilherme Martins;guilherme.martins32@gmail.com;9831385979;9873817324
89362226863;João Mendes;joão.mendes13@yahoo.com;9839836034;9853372823
41036490033;Carlos Silva;carlos.silva97@outlook.com;9895658531;9914119202
82746235846;Lucas Rocha;lucas.rocha63@gmail.com;9899107350;9803615414
18365946661;Pedro Oliveira;pedro.oliveira14@gmail.com;9803425660;9878501505
23893786686;Pedro Oliveira;pedro.oliveira23@outlook.com;9930898208;
95696094279;Fernanda Costa;fernanda.costa37@yahoo.com;9992539888;9895911329
63744003990;Mariana Lima;mariana.lima88@outlook.com;9807737301;
41470849151;João Mendes;joão.mendes99@gmail.com;9905464936;9949891413
2163710157;Ana Souza;ana.souza61@outlook.com;9935902234;9963820995
25312243;Pedro Oliveira;pedro.oliveira98@gmail.com;9802696050;9824038894
42435850670;Lucas Rocha;lucas.rocha97@outlook.com;9985327850;9826075894
7595807409;Pedro Oliveira;pedro.oliveira50@gmail.com;9963022260;
89321674438;Guilherme Martins;guilherme.martins25@yahoo.com;9951584386;9996212623
89339120450;Camila Santos;camila.santos84@empresa.com.br;9958936313;9905773942
88310320388;Beatriz Almeida;beatriz.almeida77@outlook.com;9891999898;9803374674
16292351807;Beatriz Almeida;beatriz.almeida19@yahoo.com;9887505098;
65501456435;Carlos Silva;carlos.silva42@gmail.com;9939041843;9971677737
9500008688;Fernanda Costa;fernanda.costa91@yahoo.com;9857455847;9859414937
59797892271;Beatriz Almeida;beatriz.almeida84@empresa.com.br;9882385857;
61693088770;Mariana Lima;mariana.lima90@outlook.com;9998137883;9810066564
19113117866;Ana Souza;ana.souza82@empresa.com.br;9933117786;9830113551
40475772865;Beatriz Almeida;beatriz.almeida13@gmail.com;9965340796;9879103004
45261112362;Pedro Oliveira;pedro.oliveira26@gmail.com;9943776073;
57419991820;Camila Santos;camila.santos33@empresa.com.br;9956336178;9837191930
